{
  "iou": 0.46695468754598285,
  "precision": 0.6081942570940768,
  "recall": 0.6678581700813847,
  "f1": 0.6366308728874331,
  "mae": 0.2514877915382385,
  "accuracy": 0.8058614095048805
}