{
  "iou": 0.5211632448984254,
  "precision": 0.6625271372197126,
  "recall": 0.7095155156439399,
  "f1": 0.6852162209437537,
  "mae": 0.2191445231437683,
  "accuracy": 0.8339978027340357
}